company,subject,email
Unknown,Here's an adapted email template based on the provided company information and recent news:,"Subject: Enhancing Financial Security for the Armed Forces Community

Dear [Recipient's Name],

Exciting to see AAFMAA's recent news, including joining the DoD-Led Military Spouse Employment Partnership and selecting Sapiens to modernize customer acquisition processes! These initiatives demonstrate a strong commitment to supporting the armed forces community.

As an organization dedicated to providing financial security for military personnel and their families, I believe our services could complement AAFMAA's offerings. Our expertise in [specific area of finance or insurance] could help enhance the overall value proposition for your members.

Would you be open to exploring potential collaboration opportunities? I'd be more than happy to schedule a call to discuss how we can work together to better serve the armed forces community.

Best regards,

[Your Name]

This adapted email aims to:

1. Show awareness of AAFMAA's news and initiatives, demonstrating interest and understanding of their mission.
2. Highlight the potential synergy between AAFMAA's services and your own organization's expertise.
3. Express a willingness to collaborate and explore opportunities that could benefit the armed forces community.

Feel free to modify the email to better fit your specific needs and goals."
Unknown,Here's an adapted email based on the provided company information and recent news:,"Subject: Enhancing Trading Efficiency with Multichain Token Trading Platform

Dear Blum Team,

I'm intrigued by Blum's decentralized crypto trading platform, which enables multichain token trading across centralized and decentralized exchanges. The integration of tools like the trading terminal, Memepad, and AI-driven bots has likely improved the trading experience for your users. I'm curious to know more about how your platform has enhanced trading efficiency, particularly in terms of token launches and live operations for the $BLUM utility token.

Considering the recent news about redefining value and innovation in Indian furniture fittings, I'm interested in understanding how your digital tools for real-time market interaction, token farming mechanics, and integration within the TON ecosystem have contributed to this achievement.

Would you be available to discuss how Blum's platform has impacted trading efficiency and accuracy for your users? I'd love to set up a time to chat about this further.

Best regards,
[Your Name]"
Unknown,Exploring the Future of Decentralized Crypto Trading with Blum,"I'm interested in how Blum's decentralized crypto trading platform streamlines multichain token trading across centralized and decentralized exchanges, using tools like the trading terminal, Memepad, and AI-driven bots. I saw that your platform facilitates token launches and manages live operations for the native $BLUM utility token, providing digital tools for real-time market interaction, token farming mechanics, and integration within the TON ecosystem. How has this comprehensive platform impacted the accuracy and speed of token trading for your users? I'd love to hear more about Blum's approach to decentralized exchanges. Would you be up for a conversation next week?"
Unknown,Exploring Blum's Multichain Token Trading Capabilities,"I'm intrigued by Blum's decentralized trading platform, which enables multichain token trading across centralized and decentralized exchanges. I saw that your platform offers a trading terminal, Memepad, and AI-driven bots, facilitating token launches and live operations for your native $BLUM utility token. How has this comprehensive platform impacted the speed and efficiency of token trading for your users? I'd love to hear more about Blum's integration within the TON ecosystem when you have a moment."
blum-b1c3,Unlocking Multichain Token Trading with Blum,"I'm intrigued by how Blum's decentralized crypto trading platform is revolutionizing the way users interact with the market. I saw that your platform offers a unique combination of tools like a trading terminal, Memepad, and bots, enabling multichain token trading across exchanges. How has this comprehensive approach impacted the trading experience for your users? I'd love to hear more about your token farming mechanics and integration within the TON ecosystem when you have a moment."
